note,pitch,duration,chord,bar,mapped voice,cost,category
0,58,1/2,0,1,0,n/a,match
1,58,1/2,1,1 1/2,0,0,repetition
2,60,1/8,2,2,0,n/a,match
3,57,1/16,3,2 1/8,0,n/a,ornamentation
4,58,1/16,4,2 3/16,0,n/a,ornamentation
5,60,1/16,5,2 1/4,0,n/a,ornamentation
6,57,1/16,6,2 5/16,0,n/a,ornamentation
7,58,1/16,7,2 3/8,0,n/a,ornamentation
8,60,1/16,8,2 7/16,0,n/a,ornamentation
9,62,1/8,9,2 1/2,0,n/a,match
10,60,1/16,10,2 5/8,0,n/a,ornamentation
11,58,1/16,11,2 11/16,0,n/a,ornamentation
12,57,1/16,12,2 3/4,0,n/a,ornamentation
13,58,1/16,13,2 13/16,0,n/a,ornamentation
14,60,1/16,14,2 7/8,0,n/a,ornamentation
15,62,1/16,15,2 15/16,0,n/a,ornamentation
16,51,1/8,16,3,1,n/a,match
17,63,1/8,16,3,0,n/a,match
18,53,1/16,17,3 1/8,0,n/a,ornamentation
19,55,1/16,18,3 3/16,0,n/a,ornamentation
20,57,1/16,19,3 1/4,0,n/a,ornamentation
21,58,1/16,20,3 5/16,0,n/a,ornamentation
22,60,1/16,21,3 3/8,0,n/a,ornamentation
23,62,1/16,22,3 7/16,0,n/a,ornamentation
24,51,1/8,23,3 1/2,1,0,repetition
25,63,1/8,23,3 1/2,0,n/a,match
26,62,1/8,24,3 5/8,0,n/a,ornamentation
27,60,1/8,25,3 3/4,0,n/a,ornamentation
28,63,1/8,26,3 7/8,0,n/a,ornamentation
29,46,1/8,27,4,2,n/a,match
30,53,1/8,27,4,1,n/a,match
31,62,1/8,27,4,0,n/a,match
32,50,1/16,28,4 1/8,1,n/a,ornamentation
33,51,1/16,29,4 3/16,1,n/a,ornamentation
34,53,1/16,30,4 1/4,1,n/a,ornamentation
35,50,1/16,31,4 5/16,1,n/a,ornamentation
36,51,1/16,32,4 3/8,1,n/a,ornamentation
37,53,1/16,33,4 7/16,1,n/a,ornamentation
38,46,1/8,34,4 1/2,2,0,repetition
39,55,1/8,34,4 1/2,1,n/a,match
40,62,1/8,34,4 1/2,0,0,repetition
41,51,1/16,35,4 5/8,1,n/a,ornamentation
42,53,1/16,36,4 11/16,1,n/a,ornamentation
43,55,1/16,37,4 3/4,1,n/a,ornamentation
44,51,1/16,38,4 13/16,1,n/a,ornamentation
45,53,1/16,39,4 7/8,1,n/a,ornamentation
46,55,1/16,40,4 15/16,1,n/a,ornamentation
47,48,1/4,41,5,2,n/a,match
48,56,1/4,41,5,1,n/a,match
49,60,1/4,42,5 1/4,0,n/a,match
50,50,1/8,43,5 1/2,2,n/a,match
51,56,1/8,43,5 1/2,1,n/a,match
52,65,1/8,43,5 1/2,0,n/a,match
53,46,1/8,44,5 5/8,2,n/a,ornamentation
54,48,1/8,45,5 3/4,2,n/a,ornamentation
55,50,1/8,46,5 7/8,2,n/a,ornamentation
56,39,3/16,47,6,3,n/a,match
57,51,3/16,47,6,2,n/a,match
58,55,3/16,47,6,1,n/a,match
59,67,3/16,47,6,0,n/a,match
60,65,1/16,48,6 3/16,0,n/a,ornamentation
61,63,1/16,49,6 1/4,0,n/a,ornamentation
62,65,1/16,50,6 5/16,0,n/a,ornamentation
63,67,1/16,51,6 3/8,0,n/a,ornamentation
64,68,1/16,52,6 7/16,0,n/a,ornamentation
65,39,1/8,53,6 1/2,3,0,repetition
66,51,1/8,53,6 1/2,2,n/a,match
67,55,1/8,53,6 1/2,1,0,repetition
68,67,1/8,53,6 1/2,0,0,repetition
69,65,1/8,54,6 5/8,0,n/a,ornamentation
70,39,1/4,55,6 3/4,3,0,repetition
71,51,1/4,55,6 3/4,2,0,repetition
72,55,1/4,55,6 3/4,1,0,repetition
73,67,1/4,55,6 3/4,0,0,repetition
74,41,3/8,56,7,3,n/a,match
75,50,3/8,56,7,2,n/a,match
76,65,3/8,56,7,0,n/a,match
77,63,1/8,57,7 3/8,0,n/a,match
78,43,1/8,58,7 1/2,3,n/a,match
79,55,1/8,58,7 1/2,1,n/a,match
80,62,1/8,58,7 1/2,0,n/a,match
81,60,1/8,59,7 5/8,0,n/a,match
82,50,1/4,60,7 3/4,2,n/a,match
83,58,1/4,60,7 3/4,0,n/a,match
84,44,1/8,61,8,3,n/a,match
85,50,1/8,61,8,2,0,repetition
86,55,1/8,61,8,1,0,repetition
87,60,1/8,61,8,0,n/a,match
88,53,1/16,62,8 1/8,1,n/a,ornamentation
89,55,1/16,63,8 3/16,1,n/a,ornamentation
90,56,1/16,64,8 1/4,1,1,adaptation
91,55,1/16,65,8 5/16,1,n/a,ornamentation
92,53,1/16,66,8 3/8,1,0,repetition
93,51,1/16,67,8 7/16,1,n/a,ornamentation
94,44,1/8,68,8 1/2,3,n/a,match
95,48,1/8,68,8 1/2,2,n/a,match
96,53,1/8,68,8 1/2,1,n/a,match
97,60,1/8,68,8 1/2,0,0,repetition
98,55,1/8,69,8 5/8,1,n/a,ornamentation
99,44,1/8,70,8 3/4,3,0,repetition
100,55,1/8,70,8 3/4,1,2,adaptation
101,53,1/8,71,8 7/8,1,n/a,ornamentation
102,43,1/8,72,9,3,n/a,match
103,51,1/8,72,9,2,n/a,match
104,55,1/8,72,9,1,n/a,match
105,58,1/8,72,9,0,n/a,match
106,50,1/8,73,9 1/8,3,n/a,ornamentation
107,48,1/8,74,9 1/4,3,n/a,ornamentation
108,46,1/8,75,9 3/8,3,n/a,ornamentation
109,43,1/4,76,9 1/2,3,0,repetition
110,50,1/4,76,9 1/2,2,n/a,match
111,55,1/4,76,9 1/2,1,0,repetition
112,58,1/4,76,9 1/2,0,0,repetition
113,51,1/4,77,9 3/4,2,n/a,match
114,43,1/8,78,10,3,0,repetition
115,51,1/8,78,10,2,0,repetition
116,55,1/8,78,10,1,0,repetition
117,50,1/16,79,10 1/8,2,n/a,ornamentation
118,51,1/16,80,10 3/16,2,n/a,ornamentation
119,53,1/16,81,10 1/4,2,2,adaptation
120,51,1/16,82,10 5/16,1,n/a,ornamentation
121,53,1/32,83,10 3/8,1,2,adaptation
122,51,1/32,84,10 13/32,2,n/a,ornamentation
123,50,1/32,85,10 7/16,2,n/a,ornamentation
124,48,1/32,86,10 15/32,2,n/a,ornamentation
125,43,1/4,87,10 1/2,3,0,repetition
126,51,1/4,87,10 1/2,2,n/a,match
127,55,1/4,87,10 1/2,1,n/a,match
128,50,1/4,88,10 3/4,2,n/a,match
129,51,1/4,89,11,2,n/a,match
130,55,1/4,89,11,0,n/a,match
131,58,1/4,89,11,1,n/a,match
132,55,1/16,90,11 1/4,1,n/a,ornamentation
133,57,1/16,91,11 5/16,1,n/a,ornamentation
134,58,1/16,92,11 3/8,1,n/a,ornamentation
135,60,1/16,93,11 7/16,1,n/a,ornamentation
136,43,3/16,94,11 1/2,3,n/a,match
137,50,3/16,94,11 1/2,2,n/a,match
138,55,3/16,94,11 1/2,0,0,repetition
139,58,3/16,94,11 1/2,1,n/a,match
140,41,1/16,95,11 11/16,3,n/a,ornamentation
141,43,1/16,96,11 3/4,3,n/a,ornamentation
142,41,1/16,97,11 13/16,3,n/a,ornamentation
143,43,1/16,98,11 7/8,3,n/a,ornamentation
144,45,1/16,99,11 15/16,3,n/a,ornamentation
145,46,1/4,100,12,3,n/a,match
146,53,1/4,100,12,1,n/a,match
147,62,1/4,101,12 1/4,0,n/a,match
148,46,1/8,102,12 1/2,3,n/a,match
149,50,1/8,102,12 1/2,2,n/a,match
150,53,1/8,102,12 1/2,1,n/a,match
151,65,1/8,102,12 1/2,0,n/a,match
152,44,1/16,103,12 5/8,3,n/a,ornamentation
153,46,1/16,104,12 11/16,3,n/a,ornamentation
154,48,1/16,105,12 3/4,3,n/a,ornamentation
155,46,1/16,106,12 13/16,3,n/a,ornamentation
156,44,1/16,107,12 7/8,3,n/a,ornamentation
157,43,1/16,108,12 15/16,3,n/a,ornamentation
158,41,1/8,109,13,3,n/a,match
159,53,1/8,109,13,2,n/a,match
160,56,1/8,109,13,1,n/a,match
161,65,1/8,109,13,0,n/a,match
162,63,1/16,110,13 1/8,0,n/a,ornamentation
163,62,1/16,111,13 3/16,0,n/a,ornamentation
164,63,1/16,112,13 1/4,0,n/a,ornamentation
165,62,1/16,113,13 5/16,0,n/a,ornamentation
166,60,1/16,114,13 3/8,0,n/a,ornamentation
167,58,1/16,115,13 7/16,0,n/a,ornamentation
168,41,1/8,116,13 1/2,3,n/a,match
169,53,1/8,116,13 1/2,2,n/a,match
170,56,1/8,116,13 1/2,1,0,repetition
171,60,1/8,116,13 1/2,0,n/a,match
172,55,1/16,117,13 5/8,1,n/a,ornamentation
173,56,1/16,118,13 11/16,1,n/a,ornamentation
174,58,1/16,119,13 3/4,1,2,adaptation
175,56,1/16,120,13 13/16,0,n/a,ornamentation
176,58,1/32,121,13 7/8,0,2,adaptation
177,56,1/32,122,13 29/32,1,n/a,ornamentation
178,55,1/32,123,13 15/16,1,n/a,ornamentation
179,53,1/32,124,13 31/32,1,n/a,ornamentation
180,44,3/16,125,14,3,n/a,match
181,48,3/16,125,14,2,n/a,match
182,51,3/16,125,14,1,n/a,match
183,60,3/16,125,14,0,n/a,match
184,58,1/16,126,14 3/16,0,n/a,ornamentation
185,56,1/16,127,14 1/4,0,n/a,ornamentation
186,58,1/16,128,14 5/16,0,n/a,ornamentation
187,60,1/16,129,14 3/8,0,n/a,ornamentation
188,62,1/16,130,14 7/16,0,n/a,ornamentation
189,48,1/8,131,14 1/2,2,n/a,match
190,63,1/8,131,14 1/2,0,n/a,match
191,44,1/8,132,14 5/8,3,n/a,ornamentation
192,43,1/8,133,14 3/4,3,n/a,match
193,51,1/8,133,14 3/4,1,n/a,match
194,41,1/8,134,14 7/8,3,n/a,match
195,39,1/4,135,15,3,n/a,match
196,51,1/4,135,15,2,n/a,match
197,63,1/4,135,15,0,0,repetition
198,53,1/8,136,15 1/4,1,n/a,match
199,62,1/8,136,15 1/4,0,n/a,match
200,60,1/8,137,15 3/8,0,n/a,match
201,39,1/8,138,15 1/2,3,0,repetition
202,55,1/8,138,15 1/2,1,n/a,match
203,58,1/8,138,15 1/2,0,n/a,match
204,51,1/8,139,15 5/8,2,n/a,ornamentation
205,50,1/8,140,15 3/4,2,n/a,match
206,48,1/8,141,15 7/8,2,n/a,match
207,46,1/4,142,16,2,n/a,match
208,55,1/4,142,16,1,0,repetition
209,58,1/4,142,16,0,0,repetition
210,56,1/4,143,16 1/4,1,n/a,match
211,39,1/4,144,16 1/2,3,n/a,match
212,46,1/4,144,16 1/2,2,0,repetition
213,58,1/4,144,16 1/2,1,n/a,match
214,51,1/4,145,16 3/4,1,n/a,match
215,55,1/4,145,16 3/4,0,n/a,match
216,41,1/4,146,17,3,n/a,match
217,56,1/4,146,17,1,n/a,match
218,60,1/4,146,17,0,n/a,match
219,53,1/4,147,17 1/4,2,n/a,match
220,43,1/4,148,17 1/2,3,n/a,match
221,50,1/4,148,17 1/2,2,n/a,match
222,55,1/4,148,17 1/2,1,n/a,match
223,58,1/4,148,17 1/2,0,n/a,match
224,51,1/4,149,17 3/4,2,n/a,match
225,44,1/4,150,18,3,n/a,match
226,51,1/4,150,18,0,n/a,match
227,48,1/4,151,18 1/4,2,n/a,match
228,41,1/8,152,18 1/2,3,n/a,match
229,48,1/8,152,18 1/2,2,0,repetition
230,56,1/8,152,18 1/2,0,n/a,match
231,50,1/32,153,18 5/8,2,n/a,ornamentation
232,48,1/32,154,18 21/32,2,n/a,ornamentation
233,46,1/32,155,18 11/16,2,n/a,ornamentation
234,48,1/32,156,18 23/32,2,n/a,ornamentation
235,50,1/4,157,18 3/4,2,n/a,match
236,43,1/8,158,19,3,n/a,match
237,55,1/8,158,19,0,n/a,match
238,46,1/8,159,19 1/8,2,n/a,match
239,51,1/8,160,19 1/4,2,n/a,match
240,45,1/8,161,19 3/8,3,n/a,ficta
241,46,1/16,162,19 1/2,3,n/a,match
242,50,1/16,162,19 1/2,2,n/a,match
243,51,1/16,163,19 9/16,2,n/a,ornamentation
244,53,1/16,164,19 5/8,2,n/a,ornamentation
245,50,1/16,165,19 11/16,2,n/a,ornamentation
246,48,1/16,166,19 3/4,3,n/a,match
247,51,1/16,166,19 3/4,2,n/a,match
248,50,1/16,167,19 13/16,2,n/a,ornamentation
249,51,1/32,168,19 7/8,2,n/a,ornamentation
250,50,1/32,169,19 29/32,2,n/a,ornamentation
251,51,1/32,170,19 15/16,2,n/a,ornamentation
252,53,1/32,171,19 31/32,2,n/a,ornamentation
253,48,1/8,172,20,3,0,repetition
254,51,1/8,172,20,2,0,repetition
255,46,1/8,173,20 1/8,3,n/a,match
256,50,1/8,173,20 1/8,2,n/a,match
257,46,1/8,174,20 1/4,3,n/a,match
258,48,1/8,174,20 1/4,2,n/a,match
259,46,1/8,175,20 3/8,2,n/a,match
260,46,1/8,176,20 1/2,3,0,repetition
261,48,1/8,176,20 1/2,2,n/a,match
262,45,1/8,177,20 5/8,3,n/a,ornamentation
263,46,1/16,178,20 3/4,3,0,repetition
264,45,1/16,179,20 13/16,3,n/a,ornamentation
265,43,1/16,180,20 7/8,3,n/a,ornamentation
266,45,1/16,181,20 15/16,3,n/a,ornamentation
267,46,1/8,182,21,3,n/a,match
268,46,1/8,182,21,2,n/a,match
269,53,1/8,182,21,1,n/a,match
270,50,1/16,183,21 1/8,1,n/a,ornamentation
271,51,1/16,184,21 3/16,1,n/a,ornamentation
272,53,1/16,185,21 1/4,1,n/a,ornamentation
273,50,1/16,186,21 5/16,1,n/a,ornamentation
274,51,1/16,187,21 3/8,1,n/a,ornamentation
275,53,1/16,188,21 7/16,1,n/a,ornamentation
276,43,1/4,189,21 1/2,3,n/a,match
277,55,1/4,189,21 1/2,1,n/a,match
278,58,1/4,189,21 1/2,0,n/a,match
279,46,1/4,190,21 3/4,2,n/a,match
280,41,3/8,191,22,3,n/a,match
281,53,3/8,191,22,2,n/a,match
282,56,3/8,191,22,1,n/a,match
283,60,3/8,191,22,0,n/a,match
284,51,1/8,192,22 3/8,2,n/a,ornamentation
285,50,1/8,193,22 1/2,2,n/a,match
286,58,1/8,193,22 1/2,1,n/a,match
287,62,1/8,193,22 1/2,0,n/a,match
288,60,1/16,194,22 5/8,0,n/a,ornamentation
289,58,1/16,195,22 11/16,0,n/a,ornamentation
290,57,1/16,196,22 3/4,0,n/a,ornamentation
291,58,1/16,197,22 13/16,0,n/a,ornamentation
292,60,1/16,198,22 7/8,0,n/a,ornamentation
293,62,1/16,199,22 15/16,0,n/a,ornamentation
294,48,1/4,200,23,2,n/a,match
295,55,1/4,200,23,1,n/a,match
296,63,1/4,200,23,0,n/a,match
297,56,1/4,201,23 1/4,1,n/a,match
298,53,1/4,202,23 1/2,2,n/a,match
299,60,1/4,202,23 1/2,0,n/a,match
300,53,1/4,203,23 3/4,1,n/a,match
301,46,1/8,204,24,2,n/a,match
302,62,1/8,204,24,0,n/a,match
303,60,1/8,205,24 1/8,0,n/a,ornamentation
304,58,1/8,206,24 1/4,1,n/a,match
305,62,1/8,206,24 1/4,0,0,repetition
306,63,1/8,207,24 3/8,0,n/a,match
307,56,1/4,208,24 1/2,1,n/a,match
308,65,1/4,208,24 1/2,0,n/a,match
309,58,1/8,209,24 3/4,1,n/a,match
310,67,1/8,209,24 3/4,0,n/a,match
311,60,1/8,210,24 7/8,1,n/a,ornamentation
312,58,1/8,211,25,1,0,repetition
313,67,1/8,211,25,0,0,repetition
314,56,1/8,212,25 1/8,1,n/a,match
315,65,1/8,212,25 1/8,0,2,adaptation
316,44,1/8,213,25 1/4,3,n/a,match
317,55,1/8,213,25 1/4,1,n/a,match
318,65,1/8,213,25 1/4,0,n/a,match
319,53,1/8,214,25 3/8,1,n/a,match
320,46,1/8,215,25 1/2,3,n/a,match
321,55,1/8,215,25 1/2,1,n/a,match
322,65,1/8,215,25 1/2,0,0,repetition
323,64,1/16,216,25 5/8,0,n/a,ornamentation
324,62,1/16,217,25 11/16,0,n/a,ornamentation
325,48,1/8,218,25 3/4,3,n/a,match
326,64,1/8,218,25 3/4,0,n/a,match
327,62,1/16,219,25 7/8,0,n/a,ornamentation
328,64,1/16,220,25 15/16,0,n/a,ornamentation
329,41,1/4,221,26,3,n/a,match
330,53,1/4,221,26,1,n/a,match
331,65,1/4,221,26,0,n/a,match
332,46,1/8,222,26 1/4,3,n/a,match
333,55,1/8,223,26 3/8,1,n/a,match
334,44,1/8,224,26 1/2,3,n/a,match
335,56,1/8,224,26 1/2,1,n/a,match
336,53,1/8,225,26 5/8,1,n/a,match
337,46,1/16,226,26 3/4,3,n/a,match
338,55,1/16,226,26 3/4,1,n/a,match
339,53,1/16,227,26 13/16,1,n/a,ornamentation
340,51,1/16,228,26 7/8,1,n/a,ornamentation
341,55,1/16,229,26 15/16,1,n/a,ornamentation
342,46,1/8,230,27,3,0,repetition
343,53,1/8,230,27,1,n/a,match
344,55,1/8,231,27 1/8,1,n/a,ornamentation
345,44,1/8,232,27 1/4,3,n/a,match
346,56,1/8,232,27 1/4,1,n/a,match
347,43,1/8,233,27 3/8,3,n/a,match
348,41,1/8,234,27 1/2,3,n/a,match
349,56,1/8,234,27 1/2,1,0,repetition
350,58,1/32,235,27 5/8,1,n/a,ornamentation
351,56,1/32,236,27 21/32,1,n/a,ornamentation
352,55,1/32,237,27 11/16,1,n/a,ornamentation
353,56,1/32,238,27 23/32,1,n/a,ornamentation
354,39,1/4,239,27 3/4,3,n/a,match
355,55,1/4,239,27 3/4,1,n/a,match
356,43,1/8,240,28,3,n/a,match
357,55,1/8,240,28,1,0,repetition
358,63,1/8,240,28,0,n/a,match
359,53,1/8,241,28 1/8,1,n/a,match
360,44,1/8,242,28 1/4,3,1,adaptation
361,51,1/8,242,28 1/4,1,n/a,match
362,43,1/8,243,28 3/8,3,n/a,ornamentation
363,41,1/8,244,28 1/2,3,n/a,match
364,51,1/8,244,28 1/2,1,0,repetition
365,65,1/8,244,28 1/2,0,n/a,match
366,50,1/16,245,28 5/8,1,n/a,ornamentation
367,48,1/16,246,28 11/16,1,n/a,ornamentation
368,41,1/8,247,28 3/4,3,0,repetition
369,50,1/8,247,28 3/4,1,n/a,match
370,65,1/8,247,28 3/4,0,0,repetition
371,48,1/16,248,28 7/8,1,n/a,ornamentation
372,50,1/16,249,28 15/16,1,n/a,ornamentation
373,39,1/4,250,29,3,n/a,match
374,46,1/4,250,29,2,n/a,match
375,51,1/4,250,29,1,n/a,match
376,67,1/4,250,29,0,n/a,match
377,58,1/4,251,29 1/4,2,n/a,match
378,56,1/8,252,29 1/2,2,n/a,match
379,65,1/8,252,29 1/2,0,n/a,match
380,55,1/16,253,29 5/8,2,n/a,ornamentation
381,56,1/16,254,29 11/16,2,n/a,ornamentation
382,58,1/8,255,29 3/4,2,n/a,match
383,62,1/8,255,29 3/4,0,3,adaptation
384,60,1/8,256,29 7/8,2,n/a,ornamentation
385,58,1/4,257,30,2,n/a,match
386,67,1/4,257,30,0,0,repetition
387,56,1/8,258,30 1/4,2,n/a,match
388,58,1/8,258,30 1/4,1,n/a,match
389,65,1/8,258,30 1/4,0,n/a,match
390,55,1/8,259,30 3/8,2,n/a,match
391,63,1/8,259,30 3/8,0,n/a,match
392,53,1/4,260,30 1/2,2,n/a,match
393,56,1/4,260,30 1/2,1,n/a,match
394,68,1/4,260,30 1/2,0,n/a,match
395,39,1/8,261,30 3/4,3,n/a,match
396,51,1/8,261,30 3/4,2,n/a,match
397,58,1/8,261,30 3/4,1,n/a,match
398,67,1/8,261,30 3/4,0,n/a,match
399,68,1/8,262,30 7/8,0,n/a,ornamentation
400,39,1/8,263,31,3,0,repetition
401,55,1/8,263,31,2,n/a,match
402,58,1/8,263,31,1,0,repetition
403,67,1/8,263,31,0,0,repetition
404,41,1/8,264,31 1/8,3,n/a,match
405,56,1/8,264,31 1/8,1,n/a,match
406,65,1/8,264,31 1/8,0,n/a,match
407,43,1/4,265,31 1/4,3,n/a,match
408,58,1/4,265,31 1/4,1,n/a,match
409,63,1/4,265,31 1/4,0,n/a,match
410,44,1/8,266,31 1/2,3,n/a,match
411,53,1/8,266,31 1/2,2,n/a,match
412,60,1/8,266,31 1/2,1,n/a,match
413,63,1/8,266,31 1/2,0,0,repetition
414,62,1/16,267,31 5/8,0,n/a,ornamentation
415,60,1/16,268,31 11/16,0,n/a,ornamentation
416,46,1/8,269,31 3/4,3,n/a,match
417,58,1/8,269,31 3/4,1,n/a,match
418,62,1/8,269,31 3/4,0,n/a,match
419,60,1/16,270,31 7/8,0,n/a,ornamentation
420,62,1/16,271,31 15/16,0,n/a,ornamentation
421,39,1/8,272,32,3,n/a,match
422,51,1/8,272,32,2,n/a,match
423,55,1/8,272,32,1,n/a,match
424,63,1/8,272,32,0,n/a,match
425,50,1/8,273,32 1/8,2,n/a,ornamentation
426,51,1/8,274,32 1/4,2,n/a,ornamentation
427,53,1/8,275,32 3/8,2,n/a,match
428,56,1/8,275,32 3/8,1,n/a,match
429,55,1/8,276,32 1/2,2,n/a,match
430,58,1/8,276,32 1/2,1,n/a,match
431,62,1/8,276,32 1/2,0,n/a,match
432,55,1/8,277,32 5/8,1,n/a,match
433,41,1/8,278,32 3/4,3,n/a,match
434,48,1/8,278,32 3/4,2,n/a,match
435,56,1/8,278,32 3/4,1,n/a,match
436,60,1/8,278,32 3/4,0,n/a,match
437,56,1/16,279,32 7/8,1,n/a,ornamentation
438,58,1/16,280,32 15/16,1,n/a,ornamentation
439,41,1/8,281,33,3,0,repetition
440,53,1/8,281,33,2,n/a,match
441,56,1/8,281,33,1,0,repetition
442,60,1/8,281,33,0,0,repetition
443,43,1/8,282,33 1/8,3,n/a,match
444,55,1/8,282,33 1/8,1,n/a,match
445,44,1/8,283,33 1/4,3,n/a,match
446,53,1/8,283,33 1/4,1,n/a,match
447,58,1/8,283,33 1/4,0,n/a,match
448,56,1/8,284,33 3/8,0,n/a,match
449,46,1/8,285,33 1/2,3,n/a,match
450,53,1/8,285,33 1/2,1,0,repetition
451,55,1/8,285,33 1/2,0 and 2,n/a,match
452,52,1/16,286,33 5/8,1,n/a,ornamentation
453,50,1/16,287,33 11/16,1,n/a,ornamentation
454,48,1/8,288,33 3/4,3,n/a,match
455,52,1/8,288,33 3/4,1,n/a,match
456,53,1/32,289,33 7/8,1,n/a,ornamentation
457,52,1/32,290,33 29/32,1,n/a,ornamentation
458,50,1/32,291,33 15/16,1,n/a,ornamentation
459,52,1/32,292,33 31/32,1,n/a,ornamentation
460,41,1/4,293,34,3,n/a,match
461,53,1/4,293,34,0 and 1,n/a,match
462,56,1/4,293,34,2,n/a,match
463,60,1/8,294,34 1/4,0,n/a,match
464,55,1/8,295,34 3/8,2,n/a,match
465,41,1/8,296,34 1/2,3,0,repetition
466,53,1/8,296,34 1/2,2,n/a,match
467,62,1/8,296,34 1/2,0,n/a,match
468,51,1/8,297,34 5/8,2,n/a,match
469,53,1/8,298,34 3/4,2,n/a,match
470,60,1/8,298,34 3/4,0,n/a,match
471,62,1/8,299,34 7/8,0,n/a,ornamentation
472,41,1/8,300,35,3,n/a,match
473,53,1/8,300,35,1,n/a,match
474,60,1/8,300,35,0,0,repetition
475,58,1/8,301,35 1/8,0,n/a,match
476,51,1/8,302,35 1/4,2,n/a,match
477,58,1/8,302,35 1/4,0,n/a,match
478,50,1/8,303,35 3/8,2,n/a,match
479,41,1/8,304,35 1/2,3,n/a,match
480,48,1/8,304,35 1/2,2,n/a,match
481,53,1/8,304,35 1/2,1,n/a,match
482,58,1/8,304,35 1/2,0,0,repetition
483,57,1/16,305,35 5/8,0,n/a,ornamentation
484,55,1/16,306,35 11/16,0,n/a,ornamentation
485,58,1/16,307,35 3/4,0,0,repetition
486,57,1/16,308,35 13/16,0,n/a,ornamentation
487,58,1/32,309,35 7/8,0,n/a,ornamentation
488,57,1/32,310,35 29/32,0,n/a,ornamentation
489,55,1/32,311,35 15/16,0,n/a,ornamentation
490,57,1/32,312,35 31/32,0,n/a,ornamentation
491,34,1/4,313,36,3,7,adaptation
492,50,1/4,313,36,1,n/a,match
493,58,1/4,313,36,0,n/a,match
494,46,1/8,314,36 1/4,2,n/a,match
495,51,1/8,315,36 3/8,1,n/a,match
496,34,1/8,316,36 1/2,3,12,adaptation
497,53,1/8,316,36 1/2,1,n/a,match
498,48,1/8,317,36 5/8,2,n/a,match
499,51,1/8,317,36 5/8,1,n/a,match
500,50,1/8,318,36 3/4,2,n/a,match
501,53,1/8,318,36 3/4,1,n/a,match
502,51,1/8,319,36 7/8,2,n/a,match
503,55,1/8,319,36 7/8,1,n/a,match
504,53,1/4,320,37,2,n/a,match
505,57,1/4,320,37,1,n/a,match
506,62,1/4,320,37,0,n/a,match
507,46,1/8,321,37 1/4,2,n/a,match
508,58,1/8,321,37 1/4,1,n/a,match
509,48,1/8,322,37 3/8,2,n/a,match
510,46,1/8,323,37 1/2,3,n/a,match
511,50,1/8,323,37 1/2,2,n/a,match
512,53,1/8,323,37 1/2,1,n/a,match
513,62,1/8,323,37 1/2,0,n/a,match
514,51,1/8,324,37 5/8,2,n/a,match
515,53,1/8,325,37 3/4,2,n/a,match
516,58,1/8,325,37 3/4,1,n/a,match
517,46,1/8,326,37 7/8,3,n/a,ornamentation
518,48,1/8,327,38,3,n/a,match
519,58,1/8,327,38,1,0,repetition
520,63,1/8,327,38,0,n/a,match
521,57,1/16,328,38 1/8,1,n/a,ornamentation
522,55,1/16,329,38 3/16,1,n/a,ornamentation
523,48,1/8,330,38 1/4,3,0,repetition
524,51,1/8,330,38 1/4,2,n/a,match
525,57,1/8,330,38 1/4,1,n/a,match
526,55,1/16,331,38 3/8,1,n/a,ornamentation
527,57,1/16,332,38 7/16,1,n/a,ornamentation
528,46,1/4,333,38 1/2,3,n/a,match
529,55,1/4,333,38 1/2,2,n/a,match
530,58,1/4,333,38 1/2,1,n/a,match
531,62,1/4,333,38 1/2,0,n/a,match
532,53,1/4,334,38 3/4,2,n/a,match
533,46,1/8,335,39,3,n/a,match
534,53,1/8,335,39,2,0,repetition
535,62,1/8,335,39,0,0,repetition
536,51,1/8,336,39 1/8,2,n/a,match
537,50,1/8,337,39 1/4,2,n/a,match
538,62,1/8,337,39 1/4,0,n/a,match
539,48,1/8,338,39 3/8,2,n/a,match
540,43,3/16,339,39 1/2,3,n/a,match
541,46,3/16,339,39 1/2,2,n/a,match
542,58,3/16,339,39 1/2,1,n/a,match
543,62,3/16,339,39 1/2,0,n/a,match
544,44,1/16,340,39 11/16,3,n/a,ornamentation
545,46,1/16,341,39 3/4,3,n/a,ornamentation
546,43,1/16,342,39 13/16,3,n/a,ornamentation
547,44,1/16,343,39 7/8,3,n/a,ornamentation
548,46,1/16,344,39 15/16,3,n/a,ornamentation
549,44,1/4,345,40,3,n/a,match
550,60,1/4,345,40,1,n/a,match
551,63,1/4,346,40 1/4,0,n/a,match
552,46,1/8,347,40 1/2,3,n/a,match
553,53,1/8,347,40 1/2,2,n/a,match
554,58,1/8,347,40 1/2,1,n/a,match
555,63,1/8,347,40 1/2,0,0,repetition
556,62,1/16,348,40 5/8,0,n/a,ornamentation
557,60,1/16,349,40 11/16,0,n/a,ornamentation
558,63,1/16,350,40 3/4,0,0,repetition
559,62,1/16,351,40 13/16,0,n/a,ornamentation
560,63,1/32,352,40 7/8,0,n/a,ornamentation
561,62,1/32,353,40 29/32,0,n/a,ornamentation
562,60,1/32,354,40 15/16,0,n/a,ornamentation
563,62,1/32,355,40 31/32,0,n/a,ornamentation
564,39,1/8,356,41,3,n/a,match
565,55,1/8,356,41,2,n/a,match
566,58,1/8,356,41,1,n/a,match
567,63,1/8,356,41,0,n/a,match
568,53,1/16,357,41 1/8,0,n/a,ornamentation
569,55,1/16,358,41 3/16,0,n/a,ornamentation
570,57,1/16,359,41 1/4,0,n/a,ornamentation
571,58,1/16,360,41 5/16,0,n/a,ornamentation
572,60,1/16,361,41 3/8,0,n/a,ornamentation
573,62,1/16,362,41 7/16,0,n/a,ornamentation
574,39,1/4,363,41 1/2,3,0,repetition
575,55,1/4,363,41 1/2,1,n/a,match
576,63,1/4,363,41 1/2,0,0,repetition
577,51,1/8,364,41 3/4,3,n/a,match
578,53,1/8,364,41 3/4,2,n/a,match
579,51,1/8,365,41 7/8,2,n/a,match
580,50,1/8,366,42,3,1,adaptation
581,53,1/8,366,42,2,n/a,match
582,56,1/8,366,42,1,n/a,match
583,65,1/8,366,42,0,n/a,match
584,51,1/8,367,42 1/8,3,n/a,ornamentation
585,51,1/8,368,42 1/4,3,0,repetition
586,65,1/8,368,42 1/4,0,0,repetition
587,50,1/8,369,42 3/8,3,n/a,ornamentation
588,51,3/8,370,42 1/2,2 and 3,n/a,match
589,58,3/8,370,42 1/2,1,n/a,match
590,67,3/8,370,42 1/2,0,n/a,match
591,53,1/8,371,42 7/8,2,n/a,match
592,48,1/8,372,43,3,n/a,match
593,51,1/8,372,43,1,n/a,match
594,55,1/8,372,43,2,n/a,match
595,67,1/8,372,43,0,0,repetition
596,65,1/16,373,43 1/8,0,2,adaptation
597,63,1/16,374,43 3/16,0,n/a,ornamentation
598,65,1/16,375,43 1/4,0,n/a,match
599,63,1/16,376,43 5/16,0,n/a,ornamentation
600,62,1/16,377,43 3/8,0,3,adaptation
601,60,1/16,378,43 7/16,0,n/a,ornamentation
602,46,1/4,379,43 1/2,3,n/a,match
603,55,1/4,379,43 1/2,2,0,repetition
604,58,1/4,379,43 1/2,1,n/a,match
605,62,1/4,379,43 1/2,0,n/a,match
606,53,1/8,380,43 3/4,2,n/a,match
607,65,1/8,380,43 3/4,0,n/a,match
608,51,1/8,381,43 7/8,2,n/a,match
609,46,1/8,382,44,3,0,repetition
610,50,1/8,382,44,2,n/a,match
611,65,1/8,382,44,0,0,repetition
612,63,1/8,383,44 1/8,0,n/a,match
613,53,1/8,384,44 1/4,2,n/a,match
614,58,1/8,384,44 1/4,1,n/a,match
615,62,1/8,384,44 1/4,0,n/a,match
616,60,1/8,385,44 3/8,0,n/a,match
617,46,1/8,386,44 1/2,3,n/a,match
618,53,1/8,386,44 1/2,2,0,repetition
619,58,1/8,386,44 1/2,0,n/a,match
620,51,1/8,387,44 5/8,2,n/a,match
621,56,1/8,387,44 5/8,1,n/a,match
622,46,1/8,388,44 3/4,3,0,repetition
623,50,1/8,388,44 3/4,2,n/a,match
624,55,1/8,388,44 3/4,1,n/a,match
625,48,1/8,389,44 7/8,2,n/a,match
626,53,1/8,389,44 7/8,1,n/a,match
627,46,1/4,390,45,3,n/a,match
628,46,1/4,390,45,2,n/a,match
629,55,1/4,390,45,1,n/a,match
630,58,1/4,390,45,0,0,repetition
631,51,1/8,391,45 1/4,2,n/a,match
632,53,1/8,391,45 1/4,1,2,adaptation
633,51,1/8,392,45 3/8,2,0,repetition
634,46,1/8,393,45 1/2,3,0,repetition
635,50,1/8,393,45 1/2,2,1,adaptation
636,53,1/8,393,45 1/2,1,n/a,match
637,51,1/8,394,45 5/8,2,n/a,ornamentation
638,46,1/8,395,45 3/4,3,0,repetition
639,51,1/8,395,45 3/4,2,0,repetition
640,53,1/8,395,45 3/4,1,0,repetition
641,50,1/8,396,45 7/8,2,n/a,ornamentation
642,51,3/8,397,46,1 and 2,n/a,match
643,58,3/8,397,46,0,n/a,match
644,50,1/8,398,46 3/8,1,n/a,match
645,39,1/4,399,46 1/2,3,n/a,match
646,48,1/4,399,46 1/2,1,n/a,match
647,58,1/4,399,46 1/2,0,0,repetition
648,46,1/4,400,46 3/4,1,n/a,match
649,51,1/4,400,46 3/4,2,n/a,match
650,44,1/8,401,47,1 and 3,n/a,match
651,51,1/8,401,47,2,0,repetition
652,60,1/8,401,47,0,n/a,match
653,51,1/16,402,47 1/8,2,n/a,ornamentation
654,53,1/16,403,47 3/16,2,n/a,ornamentation
655,55,1/16,404,47 1/4,2,4,adaptation
656,56,1/16,405,47 5/16,0,n/a,ornamentation
657,58,1/16,406,47 3/8,0,n/a,ornamentation
658,60,1/16,407,47 7/16,0,n/a,ornamentation
659,43,1/4,408,47 1/2,3,n/a,match
660,51,1/4,408,47 1/2,2,n/a,match
661,58,1/4,408,47 1/2,0,n/a,match
662,46,1/4,409,47 3/4,1,n/a,match
663,41,1/8,410,48,3,n/a,match
664,48,1/8,410,48,1,n/a,match
665,53,1/8,410,48,2,n/a,match
666,56,1/8,410,48,0,n/a,match
667,58,1/8,411,48 1/8,0,n/a,ornamentation
668,60,1/8,412,48 1/4,0,4,adaptation
669,58,1/8,413,48 3/8,0,n/a,ornamentation
670,41,1/8,414,48 1/2,3,n/a,match
671,48,1/8,414,48 1/2,2,0,repetition
672,56,1/8,414,48 1/2,0,0,repetition
673,50,1/32,415,48 5/8,2,n/a,ornamentation
674,48,1/32,416,48 21/32,2,n/a,ornamentation
675,46,1/32,417,48 11/16,2,n/a,ornamentation
676,48,1/32,418,48 23/32,2,n/a,ornamentation
677,50,1/16,419,48 3/4,2,0,repetition
678,46,1/16,420,48 13/16,2,n/a,ornamentation
679,48,1/16,421,48 7/8,2,n/a,ornamentation
680,50,1/16,422,48 15/16,2,n/a,ornamentation
681,39,1/8,423,49,3,n/a,match
682,48,1/8,423,49,1,n/a,match
683,51,1/8,423,49,2,n/a,match
684,55,1/8,423,49,0,n/a,match
685,46,1/8,424,49 1/8,1,n/a,ornamentation
686,44,1/8,425,49 1/4,1,n/a,ornamentation
687,48,1/8,426,49 3/8,1,n/a,ornamentation
688,39,3/8,427,49 1/2,3,0,repetition
689,46,3/8,427,49 1/2,1,n/a,match
690,51,3/8,427,49 1/2,2,0,repetition
691,55,3/8,427,49 1/2,0,0,repetition
692,50,1/8,428,49 7/8,2,n/a,ornamentation
693,39,1/8,429,50,3,0,repetition
694,48,1/8,429,50,2,n/a,match
695,55,1/8,429,50,0,0,repetition
696,46,1/16,430,50 1/8,2,n/a,ornamentation
697,48,1/16,431,50 3/16,2,n/a,ornamentation
698,50,1/16,432,50 1/4,2,n/a,ornamentation
699,48,1/16,433,50 5/16,2,n/a,ornamentation
700,50,1/32,434,50 3/8,2,n/a,ornamentation
701,48,1/32,435,50 13/32,2,n/a,ornamentation
702,46,1/32,436,50 7/16,2,n/a,ornamentation
703,48,1/32,437,50 15/32,2,n/a,ornamentation
704,39,1/4,438,50 1/2,3,0,repetition
705,46,1/4,438,50 1/2,2,n/a,match
706,51,1/4,438,50 1/2,1,n/a,match
707,55,1/4,438,50 1/2,0,0,repetition
708,48,1/4,439,50 3/4,2,2,adaptation
709,50,1/4,440,51,2,n/a,ficta
710,56,1/4,440,51,1,n/a,match
711,48,1/8,441,51 1/4,2,n/a,match
712,58,1/8,442,51 3/8,1,n/a,ornamentation
713,55,1/4,443,51 1/2,1,n/a,match
714,46,1/4,444,51 3/4,2,n/a,match
715,37,1/8,445,52,3,n/a,match
716,53,1/8,445,52,1,n/a,match
717,56,1/8,445,52,0,n/a,match
718,46,1/8,446,52 1/8,2,n/a,ornamentation
719,44,1/8,447,52 1/4,2,n/a,match
720,43,1/8,448,52 3/8,2,n/a,match
721,37,1/4,449,52 1/2,3,0,repetition
722,44,1/4,449,52 1/2,2,n/a,match
723,53,1/4,449,52 1/2,1,n/a,match
724,56,1/4,449,52 1/2,0,0,repetition
725,46,1/4,450,52 3/4,2,n/a,match
726,39,3/16,451,53,3,n/a,match
727,48,3/16,451,53,2,n/a,match
728,51,3/16,451,53,1,n/a,match
729,55,3/16,451,53,0,n/a,match
730,50,1/16,452,53 3/16,1,n/a,ornamentation
731,48,1/16,453,53 1/4,1,n/a,ornamentation
732,50,1/16,454,53 5/16,1,n/a,ornamentation
733,51,1/16,455,53 3/8,1,0,repetition
734,53,1/16,456,53 7/16,1,n/a,ornamentation
735,39,3/16,457,53 1/2,3,n/a,match
736,46,3/16,457,53 1/2,2,n/a,match
737,54,3/16,457,53 1/2,1,n/a,ficta
738,58,3/16,457,53 1/2,0,n/a,match
739,44,1/16,458,53 11/16,2,n/a,ornamentation
740,46,1/8,459,53 3/4,2,n/a,ornamentation
741,48,1/8,460,53 7/8,2,n/a,match
742,41,1/8,461,54,3,n/a,match
743,49,1/8,461,54,2,n/a,ficta
744,53,1/8,461,54,1,n/a,match
745,56,1/8,461,54,0,n/a,match
746,51,1/8,462,54 1/8,2,n/a,match
747,53,1/8,463,54 1/4,2,n/a,match
748,43,1/8,464,54 3/8,3,n/a,match
749,44,1/8,465,54 1/2,3,n/a,match
750,56,1/8,465,54 1/2,0,0,repetition
751,46,1/8,466,54 5/8,3,n/a,match
752,48,1/16,467,54 3/4,3,n/a,match
753,51,1/16,467,54 3/4,2,n/a,match
754,55,1/16,467,54 3/4,0,n/a,match
755,50,1/16,468,54 13/16,2,n/a,ornamentation
756,51,1/32,469,54 7/8,2,n/a,ornamentation
757,50,1/32,470,54 29/32,2,n/a,ornamentation
758,51,1/32,471,54 15/16,2,n/a,ornamentation
759,53,1/32,472,54 31/32,2,n/a,ornamentation
760,48,1/8,473,55,3,0,repetition
761,51,1/8,473,55,2,0,repetition
762,55,1/8,473,55,0,n/a,match
763,46,1/8,474,55 1/8,3,n/a,match
764,50,1/8,474,55 1/8,2,n/a,match
765,46,1/8,475,55 1/4,3,n/a,match
766,48,1/8,475,55 1/4,2,n/a,match
767,46,1/8,476,55 3/8,2,n/a,match
768,46,1/8,477,55 1/2,3,0,repetition
769,48,1/8,477,55 1/2,2,n/a,match
770,45,1/8,478,55 5/8,3,n/a,ornamentation
771,46,1/16,479,55 3/4,3,0,repetition
772,45,1/16,480,55 13/16,3,n/a,ornamentation
773,43,1/16,481,55 7/8,3,n/a,ornamentation
774,45,1/16,482,55 15/16,3,n/a,ornamentation
775,46,3/16,483,56,3,n/a,match
776,49,3/16,483,56,1,n/a,match
777,53,3/16,483,56,2,5,adaptation
778,58,3/16,483,56,0,n/a,match
779,60,1/16,484,56 3/16,0,n/a,ornamentation
780,61,1/8,485,56 1/4,0,n/a,ornamentation
781,60,1/8,486,56 3/8,0,n/a,ornamentation
782,46,3/16,487,56 1/2,3,0,repetition
783,49,3/16,487,56 1/2,1,0,repetition
784,58,3/16,487,56 1/2,0,0,repetition
785,56,1/16,488,56 11/16,1,n/a,ornamentation
786,55,1/16,489,56 3/4,1,n/a,ornamentation
787,53,1/16,490,56 13/16,1,n/a,ornamentation
788,51,1/16,491,56 7/8,1,n/a,ornamentation
789,50,1/16,492,56 15/16,1,n/a,ornamentation
790,39,1/8,493,57,3,n/a,match
791,46,1/8,493,57,2,n/a,match
792,51,1/8,493,57,1,n/a,match
793,55,1/8,493,57,0,n/a,match
794,38,1/8,494,57 1/8,3,n/a,ornamentation
795,39,1/16,495,57 1/4,3,n/a,ornamentation
796,38,1/16,496,57 5/16,3,n/a,ornamentation
797,39,1/16,497,57 3/8,3,n/a,ornamentation
798,41,1/16,498,57 7/16,3,n/a,ornamentation
799,43,1/4,499,57 1/2,3,n/a,match
800,46,1/4,499,57 1/2,2,0,repetition
801,51,1/4,499,57 1/2,1,n/a,match
802,58,1/4,499,57 1/2,0,n/a,match
803,48,1/4,500,57 3/4,2,n/a,match
804,41,3/16,501,58,3,n/a,match
805,49,3/16,501,58,2,n/a,match
806,53,3/16,501,58,1,n/a,match
807,56,3/16,501,58,0,n/a,match
808,55,1/16,502,58 3/16,0,n/a,ornamentation
809,53,1/16,503,58 1/4,0,n/a,ornamentation
810,55,1/16,504,58 5/16,0,n/a,ornamentation
811,56,1/16,505,58 3/8,0,0,repetition
812,58,1/16,506,58 7/16,1,n/a,ornamentation
813,41,1/8,507,58 1/2,3,0,repetition
814,48,1/8,507,58 1/2,2,n/a,match
815,53,1/8,507,58 1/2,0,n/a,match
816,56,1/8,507,58 1/2,1,n/a,match
817,58,1/8,508,58 5/8,1,n/a,match
818,60,1/4,509,58 3/4,1,n/a,match
819,65,1/4,509,58 3/4,0,n/a,match
820,41,1/8,510,59,3,0,repetition
821,53,1/8,510,59,2,n/a,match
822,60,1/8,510,59,1,0,repetition
823,65,1/8,510,59,0,0,repetition
824,58,1/8,511,59 1/8,1,n/a,match
825,58,1/8,512,59 1/4,1,n/a,match
826,63,1/8,512,59 1/4,0,n/a,match
827,62,1/8,513,59 3/8,0,n/a,match
828,41,1/8,514,59 1/2,3,0,repetition
829,53,1/8,514,59 1/2,2,0,repetition
830,58,1/8,514,59 1/2,1,0,repetition
831,60,1/8,514,59 1/2,0,n/a,match
832,57,1/16,515,59 5/8,1,1,adaptation
833,55,1/16,516,59 11/16,1,n/a,ornamentation
834,53,1/8,517,59 3/4,2,0,repetition
835,57,1/8,517,59 3/4,1,n/a,match
836,60,1/8,517,59 3/4,0,n/a,match
837,55,1/16,518,59 7/8,1,n/a,ornamentation
838,57,1/16,519,59 15/16,1,n/a,ornamentation
839,34,1/8,520,60,3,7,adaptation
840,53,1/8,520,60,2,n/a,match
841,58,1/8,520,60,0 and 1,n/a,match
842,57,1/16,521,60 1/8,1,n/a,ornamentation
843,55,1/16,522,60 3/16,1,n/a,ornamentation
844,53,1/16,523,60 1/4,1,n/a,ornamentation
845,51,1/16,524,60 5/16,1,n/a,ornamentation
846,50,1/16,525,60 3/8,1,n/a,ornamentation
847,48,1/16,526,60 7/16,1,n/a,ornamentation
848,46,1/4,527,60 1/2,1,n/a,match
849,53,1/4,527,60 1/2,2,n/a,match
850,65,1/4,527,60 1/2,0,n/a,match
851,50,1/16,528,60 3/4,2,n/a,ornamentation
852,51,1/16,529,60 13/16,2,n/a,ornamentation
853,53,1/16,530,60 7/8,2,n/a,ornamentation
854,55,1/16,531,60 15/16,2,n/a,ornamentation
855,46,1/4,532,61,3,n/a,match
856,53,1/4,532,61,2,0,repetition
857,65,1/4,532,61,0,n/a,match
858,50,1/4,533,61 1/4,2,n/a,match
859,46,1/4,534,61 1/2,3,n/a,match
860,50,1/4,534,61 1/2,2,0,repetition
861,58,1/4,534,61 1/2,1,n/a,match
862,65,1/4,534,61 1/2,0,0,repetition
863,46,1/4,535,61 3/4,2,n/a,match
864,62,1/4,535,61 3/4,0,n/a,match
865,46,1/4,536,62,2,n/a,match
866,58,1/4,536,62,1,n/a,match
867,43,1/4,537,62 1/4,3,n/a,match
868,58,1/4,537,62 1/4,0,n/a,match
869,58,1/4,538,62 1/2,0,n/a,match
870,39,1/4,539,62 3/4,3,n/a,match
871,46,1/4,539,62 3/4,2,n/a,match
872,55,1/4,539,62 3/4,1,n/a,match
873,39,1/4,540,63,3,n/a,match
874,51,1/4,540,63,2,n/a,match
875,51,1/4,541,63 1/4,1,n/a,match
876,58,1/4,541,63 1/4,0,n/a,match
877,51,1/4,542,63 1/2,1,n/a,match
878,63,1/4,542,63 1/2,0,n/a,match
879,39,1/4,543,63 3/4,3,n/a,match
880,48,1/4,543,63 3/4,2,n/a,match
881,44,1/4,544,64,3,n/a,match
882,63,1/4,544,64,0,0,repetition
883,44,1/4,545,64 1/4,2,n/a,match
884,51,1/4,545,64 1/4,1,n/a,match
885,60,1/4,545,64 1/4,0,n/a,match
886,44,1/4,546,64 1/2,2,n/a,match
887,56,1/4,546,64 1/2,1,n/a,match
888,60,1/4,546,64 1/2,0,0,repetition
889,56,1/4,547,64 3/4,0,n/a,match
890,41,1/4,548,65,3,0,repetition
891,56,1/4,548,65,0,n/a,match
892,37,1/4,549,65 1/4,3,n/a,match
893,49,1/4,549,65 1/4,2,n/a,match
894,53,1/4,549,65 1/4,1,n/a,match
895,56,1/4,549,65 1/4,0,0,repetition
896,37,1/8,550,65 1/2,3,n/a,match
897,61,1/8,550,65 1/2,0,n/a,match
898,51,1/8,551,65 5/8,2,n/a,match
899,49,1/4,552,65 3/4,1,n/a,match
900,53,1/4,552,65 3/4,2,n/a,match
901,42,3/16,553,66,3,n/a,match
902,46,3/16,553,66,2,n/a,match
903,61,3/16,553,66,0,0,repetition
904,60,1/16,554,66 3/16,0,n/a,ornamentation
905,61,1/16,555,66 1/4,0,0,repetition
906,60,1/16,556,66 5/16,0,n/a,ornamentation
907,58,1/16,557,66 3/8,0,n/a,ornamentation
908,56,1/16,558,66 7/16,0,n/a,ornamentation
909,42,1/8,559,66 1/2,3,0,repetition
910,46,1/8,559,66 1/2,2,0,repetition
911,51,1/8,559,66 1/2,1,n/a,match
912,58,1/8,559,66 1/2,0,n/a,match
913,61,1/8,560,66 5/8,0,n/a,ornamentation
914,49,1/8,561,66 3/4,1,n/a,match
915,60,1/8,561,66 3/4,0,2,adaptation
916,58,1/8,562,66 7/8,0,n/a,ornamentation
917,41,1/8,563,67,3,n/a,match
918,49,1/8,563,67,1,0,repetition
919,53,1/8,563,67,2,n/a,match
920,56,1/8,563,67,0,n/a,match
921,53,1/8,564,67 1/8,1,n/a,ornamentation
922,48,1/8,565,67 1/4,1,n/a,match
923,58,1/8,565,67 1/4,0,n/a,match
924,46,1/8,566,67 3/8,1,n/a,match
925,41,1/8,567,67 1/2,3,0,repetition
926,48,1/8,567,67 1/2,1,n/a,match
927,53,1/8,567,67 1/2,2,0,repetition
928,58,1/8,567,67 1/2,0,0,repetition
929,57,1/16,568,67 5/8,0,n/a,ornamentation
930,55,1/16,569,67 11/16,0,n/a,ornamentation
931,58,1/16,570,67 3/4,0,0,repetition
932,57,1/16,571,67 13/16,0,n/a,ornamentation
933,58,1/32,572,67 7/8,0,n/a,ornamentation
934,57,1/32,573,67 29/32,0,n/a,ornamentation
935,55,1/32,574,67 15/16,0,n/a,ornamentation
936,57,1/32,575,67 31/32,0,n/a,ornamentation
937,46,1/8,576,68,1,n/a,match
938,55,1/8,576,68,2,n/a,ficta
939,58,1/8,576,68,0,n/a,match
940,53,1/16,577,68 1/8,2,n/a,ornamentation
941,55,1/16,578,68 3/16,2,n/a,ornamentation
942,57,1/16,579,68 1/4,2,n/a,ornamentation
943,55,1/16,580,68 5/16,2,n/a,ornamentation
944,53,1/16,581,68 3/8,2,n/a,ornamentation
945,52,1/16,582,68 7/16,2,n/a,ornamentation
946,46,3/16,583,68 1/2,1,0,repetition
947,53,3/16,583,68 1/2,2,n/a,match
948,58,3/16,583,68 1/2,0,0,repetition
949,44,1/16,584,68 11/16,1,n/a,ornamentation
950,46,1/16,585,68 3/4,1,n/a,ornamentation
951,48,1/16,586,68 13/16,1,n/a,ornamentation
952,49,1/16,587,68 7/8,1,n/a,ornamentation
953,51,1/16,588,68 15/16,1,n/a,ornamentation
954,37,1/8,589,69,3,n/a,match
955,41,1/8,589,69,2,n/a,match
956,53,1/8,589,69,1,n/a,match
957,37,1/8,590,69 1/8,2,n/a,ornamentation
958,41,1/8,591,69 1/4,2,n/a,ornamentation
959,43,1/8,592,69 3/8,2,n/a,match
960,37,1/4,593,69 1/2,3,0,repetition
961,44,1/4,593,69 1/2,2,n/a,match
962,53,1/4,593,69 1/2,1,n/a,match
963,56,1/4,593,69 1/2,0,n/a,match
964,46,1/4,594,69 3/4,2,n/a,match
965,39,1/8,595,70,3,n/a,match
966,48,1/8,595,70,2,n/a,match
967,51,1/8,595,70,1,n/a,match
968,55,1/8,595,70,0,n/a,match
969,50,1/8,596,70 1/8,1,n/a,ornamentation
970,48,1/16,597,70 1/4,1,n/a,ornamentation
971,50,1/16,598,70 5/16,1,n/a,ornamentation
972,51,1/16,599,70 3/8,1,0,repetition
973,53,1/16,600,70 7/16,1,n/a,ornamentation
974,39,3/16,601,70 1/2,3,n/a,match
975,46,3/16,601,70 1/2,2,n/a,match
976,54,3/16,601,70 1/2,1,n/a,ficta
977,58,3/16,601,70 1/2,0,n/a,match
978,44,1/16,602,70 11/16,2,n/a,ornamentation
979,46,1/8,603,70 3/4,2,n/a,ornamentation
980,48,1/8,604,70 7/8,2,n/a,match
981,41,1/8,605,71,3,n/a,match
982,49,1/8,605,71,2,n/a,ficta
983,53,1/8,605,71,1,n/a,match
984,56,1/8,605,71,0,n/a,match
985,51,1/8,606,71 1/8,2,n/a,match
986,53,1/8,607,71 1/4,2,n/a,match
987,43,1/8,608,71 3/8,3,n/a,match
988,44,1/8,609,71 1/2,3,n/a,match
989,56,1/8,609,71 1/2,0,0,repetition
990,46,1/8,610,71 5/8,3,n/a,match
991,48,1/16,611,71 3/4,3,n/a,match
992,51,1/16,611,71 3/4,2,n/a,match
993,55,1/16,611,71 3/4,0,n/a,match
994,50,1/16,612,71 13/16,2,n/a,ornamentation
995,51,1/32,613,71 7/8,2,n/a,ornamentation
996,50,1/32,614,71 29/32,2,n/a,ornamentation
997,51,1/32,615,71 15/16,2,n/a,ornamentation
998,53,1/32,616,71 31/32,2,n/a,ornamentation
999,48,1/8,617,72,3,0,repetition
1000,51,1/8,617,72,2,0,repetition
1001,55,1/8,617,72,0,n/a,match
1002,46,1/8,618,72 1/8,3,n/a,match
1003,50,1/8,618,72 1/8,2,n/a,match
1004,46,1/8,619,72 1/4,3,n/a,match
1005,48,1/8,619,72 1/4,2,n/a,match
1006,46,1/8,620,72 3/8,2,n/a,match
1007,46,1/8,621,72 1/2,3,0,repetition
1008,48,1/8,621,72 1/2,2,n/a,match
1009,45,1/8,622,72 5/8,3,n/a,ornamentation
1010,46,1/16,623,72 3/4,3,0,repetition
1011,45,1/16,624,72 13/16,3,n/a,ornamentation
1012,43,1/16,625,72 7/8,3,n/a,ornamentation
1013,45,1/16,626,72 15/16,3,n/a,ornamentation
1014,46,3/16,627,73,2 and 3,n/a,match
1015,49,3/16,627,73,1,n/a,match
1016,58,3/16,627,73,0,n/a,match
1017,60,1/16,628,73 3/16,0,n/a,ornamentation
1018,61,1/8,629,73 1/4,0,n/a,ornamentation
1019,60,1/8,630,73 3/8,0,n/a,ornamentation
1020,46,3/16,631,73 1/2,3,0,repetition
1021,58,3/16,631,73 1/2,0,0,repetition
1022,60,1/16,632,73 11/16,0,n/a,ornamentation
1023,58,1/16,633,73 3/4,0,n/a,ornamentation
1024,56,1/16,634,73 13/16,0,n/a,ornamentation
1025,55,1/16,635,73 7/8,0,n/a,ornamentation
1026,53,1/16,636,73 15/16,0,n/a,ornamentation
1027,39,1/8,637,74,3,n/a,match
1028,46,1/8,637,74,2,n/a,match
1029,51,1/8,637,74,1,n/a,match
1030,55,1/8,637,74,0,n/a,match
1031,38,1/8,638,74 1/8,3,n/a,ornamentation
1032,39,1/8,639,74 1/4,3,n/a,ornamentation
1033,41,1/8,640,74 3/8,3,n/a,ornamentation
1034,43,1/4,641,74 1/2,3,n/a,match
1035,46,1/4,641,74 1/2,2,0,repetition
1036,51,1/4,641,74 1/2,1,n/a,match
1037,58,1/4,641,74 1/2,0,n/a,match
1038,48,1/4,642,74 3/4,2,n/a,match
1039,41,3/16,643,75,3,n/a,match
1040,49,3/16,643,75,2,n/a,match
1041,53,3/16,643,75,1,n/a,match
1042,56,3/16,643,75,0,n/a,match
1043,55,1/16,644,75 3/16,0,n/a,ornamentation
1044,53,1/16,645,75 1/4,0,n/a,ornamentation
1045,55,1/16,646,75 5/16,0,n/a,ornamentation
1046,56,1/16,647,75 3/8,0,0,repetition
1047,58,1/16,648,75 7/16,1,n/a,ornamentation
1048,41,1/8,649,75 1/2,3,0,repetition
1049,48,1/8,649,75 1/2,2,n/a,match
1050,53,1/8,649,75 1/2,0,n/a,match
1051,56,1/8,649,75 1/2,1,n/a,match
1052,58,1/8,650,75 5/8,1,n/a,match
1053,60,1/8,651,75 3/4,1,n/a,match
1054,65,1/8,651,75 3/4,0,n/a,match
1055,58,1/8,652,75 7/8,1,n/a,ornamentation
1056,41,1/8,653,76,3,0,repetition
1057,53,1/8,653,76,2,n/a,match
1058,60,1/8,653,76,1,0,repetition
1059,65,1/8,653,76,0,0,repetition
1060,58,1/8,654,76 1/8,1,n/a,match
1061,58,1/8,655,76 1/4,1,n/a,match
1062,63,1/8,655,76 1/4,0,n/a,match
1063,62,1/8,656,76 3/8,0,n/a,match
1064,41,1/8,657,76 1/2,3,0,repetition
1065,53,1/8,657,76 1/2,2,0,repetition
1066,58,1/8,657,76 1/2,1,0,repetition
1067,60,1/8,657,76 1/2,0,n/a,match
1068,57,1/16,658,76 5/8,1,1,adaptation
1069,55,1/16,659,76 11/16,1,n/a,ornamentation
1070,58,1/16,660,76 3/4,1,0,repetition
1071,57,1/16,661,76 13/16,1,n/a,ornamentation
1072,58,1/32,662,76 7/8,1,n/a,ornamentation
1073,57,1/32,663,76 29/32,1,n/a,ornamentation
1074,55,1/32,664,76 15/16,1,n/a,ornamentation
1075,57,1/32,665,76 31/32,1,n/a,ornamentation
1076,34,3/16,666,77,3,7,adaptation
1077,53,3/16,666,77,2,n/a,match
1078,58,3/16,666,77,0 and 1,n/a,match
1079,57,1/16,667,77 3/16,0,n/a,ornamentation
1080,58,1/16,668,77 1/4,0,n/a,ornamentation
1081,60,1/16,669,77 5/16,0,n/a,ornamentation
1082,62,1/16,670,77 3/8,0,n/a,ornamentation
1083,63,1/16,671,77 7/16,0,n/a,ornamentation
1084,46,3/16,672,77 1/2,1,n/a,match
1085,53,3/16,672,77 1/2,2,n/a,match
1086,65,3/16,672,77 1/2,0,n/a,match
1087,51,1/16,673,77 11/16,2,n/a,ornamentation
1088,50,1/16,674,77 3/4,2,n/a,ornamentation
1089,51,1/16,675,77 13/16,2,n/a,ornamentation
1090,53,1/16,676,77 7/8,2,n/a,ornamentation
1091,55,1/16,677,77 15/16,2,n/a,ornamentation
1092,46,1/4,678,78,3,n/a,match
1093,53,1/4,678,78,2,0,repetition
1094,65,1/4,678,78,0,n/a,match
1095,50,1/4,679,78 1/4,2,n/a,match
1096,46,1/4,680,78 1/2,3,n/a,match
1097,50,1/4,680,78 1/2,2,0,repetition
1098,58,1/4,680,78 1/2,1,n/a,match
1099,65,1/4,680,78 1/2,0,0,repetition
1100,46,1/4,681,78 3/4,2,n/a,match
1101,62,1/4,681,78 3/4,0,n/a,match
1102,46,1/4,682,79,2,n/a,match
1103,58,1/4,682,79,1,n/a,match
1104,43,1/4,683,79 1/4,3,n/a,match
1105,58,1/4,683,79 1/4,0,n/a,match
1106,58,1/4,684,79 1/2,0,n/a,match
1107,39,1/4,685,79 3/4,3,n/a,match
1108,46,1/4,685,79 3/4,2,n/a,match
1109,55,1/4,685,79 3/4,1,n/a,match
1110,39,1/4,686,80,3,n/a,match
1111,51,1/4,686,80,2,n/a,match
1112,51,1/8,687,80 1/4,1,n/a,match
1113,58,1/8,687,80 1/4,0,n/a,match
1114,60,1/16,688,80 3/8,0,n/a,ornamentation
1115,62,1/16,689,80 7/16,0,n/a,ornamentation
1116,51,1/4,690,80 1/2,1,n/a,match
1117,63,1/4,690,80 1/2,0,n/a,match
1118,39,1/8,691,80 3/4,3,n/a,match
1119,48,1/8,691,80 3/4,2,n/a,match
1120,41,1/16,692,80 7/8,3,n/a,ornamentation
1121,43,1/16,693,80 15/16,3,n/a,ornamentation
1122,44,1/4,694,81,3,n/a,match
1123,63,1/4,694,81,0,0,repetition
1124,44,1/4,695,81 1/4,2,n/a,match
1125,51,1/4,695,81 1/4,1,n/a,match
1126,60,1/4,695,81 1/4,0,n/a,match
1127,44,1/4,696,81 1/2,2,n/a,match
1128,56,1/4,696,81 1/2,1,n/a,match
1129,60,1/4,696,81 1/2,0,0,repetition
1130,41,1/4,697,81 3/4,3,n/a,match
1131,60,1/4,697,81 3/4,0,0,repetition
1132,41,1/4,698,82,3,0,repetition
1133,56,1/4,698,82,0,n/a,match
1134,37,1/4,699,82 1/4,3,n/a,match
1135,49,1/4,699,82 1/4,2,n/a,match
1136,53,1/4,699,82 1/4,1,n/a,match
1137,56,1/4,699,82 1/4,0,0,repetition
1138,37,1/8,700,82 1/2,3,n/a,match
1139,61,1/8,700,82 1/2,0,n/a,match
1140,51,1/8,701,82 5/8,2,n/a,match
1141,49,1/4,702,82 3/4,1,n/a,match
1142,53,1/4,702,82 3/4,2,n/a,match
1143,42,1/8,703,83,3,n/a,match
1144,46,1/8,703,83,2,n/a,match
1145,61,1/8,703,83,0,0,repetition
1146,60,1/8,704,83 1/8,0,n/a,ornamentation
1147,61,1/16,705,83 1/4,0,0,repetition
1148,60,1/16,706,83 5/16,0,n/a,ornamentation
1149,58,1/16,707,83 3/8,0,n/a,ornamentation
1150,56,1/16,708,83 7/16,0,n/a,ornamentation
1151,42,1/8,709,83 1/2,3,0,repetition
1152,46,1/8,709,83 1/2,2,0,repetition
1153,51,1/8,709,83 1/2,1,n/a,match
1154,58,1/8,709,83 1/2,0,n/a,match
1155,61,1/8,710,83 5/8,0,n/a,ornamentation
1156,49,1/8,711,83 3/4,1,n/a,match
1157,60,1/8,711,83 3/4,0,2,adaptation
1158,58,1/8,712,83 7/8,0,0,repetition
1159,41,1/8,713,84,3,n/a,match
1160,49,1/8,713,84,1,0,repetition
1161,53,1/8,713,84,2,n/a,match
1162,56,1/8,713,84,0,n/a,match
1163,53,1/8,714,84 1/8,1,n/a,ornamentation
1164,48,1/8,715,84 1/4,1,n/a,match
1165,58,1/8,715,84 1/4,0,n/a,match
1166,46,1/8,716,84 3/8,1,n/a,match
1167,41,1/8,717,84 1/2,3,0,repetition
1168,48,1/8,717,84 1/2,1,n/a,match
1169,53,1/8,717,84 1/2,2,0,repetition
1170,58,1/8,717,84 1/2,0,0,repetition
1171,57,1/16,718,84 5/8,0,n/a,ornamentation
1172,55,1/16,719,84 11/16,0,n/a,ornamentation
1173,58,1/16,720,84 3/4,0,0,repetition
1174,57,1/16,721,84 13/16,0,n/a,ornamentation
1175,58,1/32,722,84 7/8,0,n/a,ornamentation
1176,57,1/32,723,84 29/32,0,n/a,ornamentation
1177,55,1/32,724,84 15/16,0,n/a,ornamentation
1178,57,1/32,725,84 31/32,0,n/a,ornamentation
1179,34,1/1,726,85,3,n/a,match
1180,46,1/1,726,85,1,n/a,match
1181,53,1/1,726,85,2,n/a,match
1182,58,1/1,726,85,0,n/a,match
